"actuals","predicteds"
209.013307735099,218.704785800653
215.659433945875,221.657160274196
217.981639367535,220.178076460173
224.587944114264,220.948721663709
241.044113755879,232.52691278501
219.169638380995,223.137662008202
211.414636642054,212.373312647812
216.250757039502,220.396947413077
219.16757381485,212.885277646934
197.986810160216,204.401824398871
